,,Estimate,Std. Error,z value,P.Value,Chisq,Chisq_ratio,Signif,"""""",Estimate,Std. Error,z value,P.Value,Chisq,Chisq_ratio,Signif,"""""",Estimate,Std. Error,z value,P.Value,Chisq,Chisq_ratio,Signif,"""""",Estimate,Std. Error,z value,P.Value,Chisq,Chisq_ratio,Signif,"""""",Estimate,Std. Error,z value,P.Value,Chisq,Chisq_ratio,Signif,"""""",Estimate,Std. Error,z value,P.Value,Chisq,Chisq_ratio,Signif,=========,Estimate,Std. Error,z value,P.Value,Chisq,Chisq_ratio,Signif,"""""",Estimate,Std. Error,z value,P.Value,Chisq,Chisq_ratio,Signif,"""""",Estimate,Std. Error,z value,P.Value,Chisq,Chisq_ratio,Signif,"""""",Estimate,Std. Error,z value,P.Value,Chisq,Chisq_ratio,Signif,"""""",Estimate,Std. Error,z value,P.Value,Chisq,Chisq_ratio,Signif,"""""",Estimate,Std. Error,z value,P.Value,Chisq,Chisq_ratio,Signif
,,LB => TP,LB => TP,LB => TP,LB => TP,LB => TP,LB => TP,LB => TP,,LB => LP,LB => LP,LB => LP,LB => LP,LB => LP,LB => LP,LB => LP,,LB => TB,LB => TB,LB => TB,LB => TB,LB => TB,LB => TB,LB => TB,,LP => TP,LP => TP,LP => TP,LP => TP,LP => TP,LP => TP,LP => TP,,LP => TB,LP => TB,LP => TB,LP => TB,LP => TB,LP => TB,LP => TB,,TB => TP,TB => TP,TB => TP,TB => TP,TB => TP,TB => TP,TB => TP,,TP => LB,TP => LB,TP => LB,TP => LB,TP => LB,TP => LB,TP => LB,,LP => LB,LP => LB,LP => LB,LP => LB,LP => LB,LP => LB,LP => LB,,TB => LB,TB => LB,TB => LB,TB => LB,TB => LB,TB => LB,TB => LB,,TP => LP,TP => LP,TP => LP,TP => LP,TP => LP,TP => LP,TP => LP,,TB => LP,TB => LP,TB => LP,TB => LP,TB => LP,TB => LP,TB => LP,,TP => TB,TP => TB,TP => TB,TP => TB,TP => TB,TP => TB,TP => TB
-------,-------,-------,-------,-------,-------,-------,-------,-------,,-------,-------,-------,-------,-------,-------,-------,,-------,-------,-------,-------,-------,-------,-------,,-------,-------,-------,-------,-------,-------,-------,,-------,-------,-------,-------,-------,-------,-------,,-------,-------,-------,-------,-------,-------,-------,,-------,-------,-------,-------,-------,-------,-------,,-------,-------,-------,-------,-------,-------,-------,,-------,-------,-------,-------,-------,-------,-------,,-------,-------,-------,-------,-------,-------,-------,,-------,-------,-------,-------,-------,-------,-------,,-------,-------,-------,-------,-------,-------,-------
,,AUC,0.967,,,,,,,AUC,0.767,,,,,,,AUC,0.869,,,,,,,AUC,0.936,,,,,,,AUC,0.85,,,,,,,AUC,0.8,,,,,,,AUC,0.967,,,,,,,AUC,0.767,,,,,,,AUC,0.869,,,,,,,AUC,0.936,,,,,,,AUC,0.85,,,,,,,AUC,0.8,,,,,
Chisq,Glmer,R2_marginal,0.148,,,,,,,R2_marginal,0.025,,,,,,,R2_marginal,0.058,,,,,,,R2_marginal,0.094,,,,,,,R2_marginal,0.052,,,,,,,R2_marginal,0.028,,,,,,,R2_marginal,0.148,,,,,,,R2_marginal,0.025,,,,,,,R2_marginal,0.058,,,,,,,R2_marginal,0.094,,,,,,,R2_marginal,0.052,,,,,,,R2_marginal,0.028,,,,,
,,R2_conditional,0.141,,,,,,,R2_conditional,0.017,,,,,,,R2_conditional,0.052,,,,,,,R2_conditional,0.089,,,,,,,R2_conditional,0.045,,,,,,,R2_conditional,0.024,,,,,,,R2_conditional,0.141,,,,,,,R2_conditional,0.017,,,,,,,R2_conditional,0.052,,,,,,,R2_conditional,0.089,,,,,,,R2_conditional,0.045,,,,,,,R2_conditional,0.024,,,,,
-------,-------,-------,-------,-------,-------,-------,-------,-------,,-------,-------,-------,-------,-------,-------,-------,,-------,-------,-------,-------,-------,-------,-------,,-------,-------,-------,-------,-------,-------,-------,,-------,-------,-------,-------,-------,-------,-------,,-------,-------,-------,-------,-------,-------,-------,,-------,-------,-------,-------,-------,-------,-------,,-------,-------,-------,-------,-------,-------,-------,,-------,-------,-------,-------,-------,-------,-------,,-------,-------,-------,-------,-------,-------,-------,,-------,-------,-------,-------,-------,-------,-------,,-------,-------,-------,-------,-------,-------,-------
(Intercept),(Intercept),1.148924177,0.208921527,5.499309674,3.81E-08,30.242,,***,,2.046823812,0.079711344,25.67794896,2.06E-145,659.357,,***,,0.215243847,0.156212967,1.377887192,0.16823812,1.899,, ,,-1.300677779,0.150778233,-8.626429389,6.33E-18,74.415,,***,,-1.545305566,0.127926209,-12.0796636,1.35E-33,145.918,,***,,0.097195895,0.146012394,0.665668799,0.505622821,0.443,, ,,-1.148924177,0.208921527,5.499309674,3.81E-08,30.242,,***,,-2.046823812,0.079711344,25.67794896,2.06E-145,659.357,,***,,-0.215243847,0.156212967,1.377887192,0.16823812,1.899,, ,,1.300677779,0.150778233,-8.626429389,6.33E-18,74.415,,***,,1.545305566,0.127926209,-12.0796636,1.35E-33,145.918,,***,,-0.097195895,0.146012394,0.665668799,0.505622821,0.443,, 
after_scripting_lines,after_scripting_lines,0.032397152,0.004487135,7.220008794,5.20E-13,52.129,0.82,***,,0.02433081,0.003006585,8.092506609,5.84E-16,65.489,1.45,***,,-0.008300261,0.006808181,-1.219160007,0.222783468,1.486,0.06, ,,0.003841094,0.004137064,0.928459003,0.353169524,0.862,0.01, ,,-0.037501304,0.007321023,-5.122413352,3.02E-07,26.239,0.65,***,,0.016337551,0.006841607,2.387969945,0.016941727,5.702,0.23,*,,-0.032397152,0.004487135,7.220008794,5.20E-13,52.129,0.82,***,,-0.02433081,0.003006585,8.092506609,5.84E-16,65.489,1.45,***,,0.008300261,0.006808181,-1.219160007,0.222783468,1.486,0.06, ,,-0.003841094,0.004137064,0.928459003,0.353169524,0.862,0.01, ,,0.037501304,0.007321023,-5.122413352,3.02E-07,26.239,0.65,***,,-0.016337551,0.006841607,2.387969945,0.016941727,5.702,0.23,*
author_experience_days,author_experience_days,-0.000225176,8.97E-06,-25.1059454,4.28E-139,630.308,9.86,***,,-3.33E-05,3.99E-06,-8.343107382,7.24E-17,69.607,1.54,***,,1.64E-05,8.40E-06,1.956893496,0.050359991,3.829,0.16,.,,-8.58E-05,5.60E-06,-15.34348893,3.92E-53,235.423,3.01,***,,4.91E-05,7.07E-06,6.949913345,3.66E-12,48.301,1.2,***,,-0.000135827,8.59E-06,-15.81994903,2.27E-56,250.271,10.29,***,,0.000225176,8.97E-06,-25.1059454,4.28E-139,630.308,9.86,***,,3.33E-05,3.99E-06,-8.343107382,7.24E-17,69.607,1.54,***,,-1.64E-05,8.40E-06,1.956893496,0.050359991,3.829,0.16,.,,8.58E-05,5.60E-06,-15.34348893,3.92E-53,235.423,3.01,***,,-4.91E-05,7.07E-06,6.949913345,3.66E-12,48.301,1.2,***,,0.000135827,8.59E-06,-15.81994903,2.27E-56,250.271,10.29,***
build_day_night,build_day_nightnight,0.08026289,0.016648232,4.821105824,1.43E-06,23.243,0.36,***,,-0.049827591,0.008836954,-5.638548186,1.71E-08,31.793,0.7,***,,0.068804026,0.016176602,4.253305179,2.11E-05,18.091,0.76,***,,0.120462545,0.010919639,11.03173325,2.69E-28,121.699,1.56,***,,0.092934281,0.013757245,6.755297293,1.43E-11,45.634,1.13,***,,0.002816344,0.014516441,0.194010659,0.846167536,0.038,0, ,,-0.08026289,0.016648232,4.821105824,1.43E-06,23.243,0.36,***,,0.049827591,0.008836954,-5.638548186,1.71E-08,31.793,0.7,***,,-0.068804026,0.016176602,4.253305179,2.11E-05,18.091,0.76,***,,-0.120462545,0.010919639,11.03173325,2.69E-28,121.699,1.56,***,,-0.092934281,0.013757245,6.755297293,1.43E-11,45.634,1.13,***,,-0.002816344,0.014516441,0.194010659,0.846167536,0.038,0, 
caching,caching1,0.666557357,0.029539581,22.56488896,9.59E-113,509.174,7.97,***,,0.424579798,0.014087544,30.13866622,1.51E-199,908.339,20.05,***,,0.1206277,0.026667782,4.523349594,6.09E-06,20.461,0.86,***,,0.185939053,0.017674023,10.52047123,6.95E-26,110.68,1.41,***,,-0.331289347,0.021959278,-15.08653214,1.99E-51,227.603,5.65,***,,0.38607291,0.026458337,14.59172996,3.17E-48,212.919,8.76,***,,-0.666557357,0.029539581,22.56488896,9.59E-113,509.174,7.97,***,,-0.424579798,0.014087544,30.13866622,1.51E-199,908.339,20.05,***,,-0.1206277,0.026667782,4.523349594,6.09E-06,20.461,0.86,***,,-0.185939053,0.017674023,10.52047123,6.95E-26,110.68,1.41,***,,0.331289347,0.021959278,-15.08653214,1.99E-51,227.603,5.65,***,,-0.38607291,0.026458337,14.59172996,3.17E-48,212.919,8.76,***
commit_day_night,commit_day_nightnight,0.012013656,0.016217763,0.740771453,0.458832027,0.549,0.01, ,,0.019035822,0.008692153,2.190000671,0.028524188,4.796,0.11,*,,-0.007839519,0.015851869,-0.494548566,0.620918816,0.245,0.01, ,,-0.024653054,0.010649157,-2.315024037,0.020611617,5.359,0.07,*,,-0.002292828,0.013485068,-0.170027147,0.864988787,0.029,0, ,,-0.045925323,0.01416104,-3.243075587,0.001182468,10.518,0.43,**,,-0.012013656,0.016217763,0.740771453,0.458832027,0.549,0.01, ,,-0.019035822,0.008692153,2.190000671,0.028524188,4.796,0.11,*,,0.007839519,0.015851869,-0.494548566,0.620918816,0.245,0.01, ,,0.024653054,0.010649157,-2.315024037,0.020611617,5.359,0.07,*,,0.002292828,0.013485068,-0.170027147,0.864988787,0.029,0, ,,0.045925323,0.01416104,-3.243075587,0.001182468,10.518,0.43,**
commits_ratio_three_months_ago,commits_ratio_three_months_ago,0.32869246,0.050607071,6.494990741,8.30E-11,42.185,0.66,***,,-0.165252664,0.023148962,-7.138664135,9.42E-13,50.961,1.13,***,,-0.048757012,0.043956243,-1.109217008,0.267336577,1.23,0.05, ,,0.269333252,0.034316906,7.848413007,4.21E-15,61.598,0.79,***,,-0.113623142,0.037266044,-3.048972441,0.002296255,9.296,0.23,**,,0.290024498,0.040844577,7.100685596,1.24E-12,50.42,2.07,***,,-0.32869246,0.050607071,6.494990741,8.30E-11,42.185,0.66,***,,0.165252664,0.023148962,-7.138664135,9.42E-13,50.961,1.13,***,,0.048757012,0.043956243,-1.109217008,0.267336577,1.23,0.05, ,,-0.269333252,0.034316906,7.848413007,4.21E-15,61.598,0.79,***,,0.113623142,0.037266044,-3.048972441,0.002296255,9.296,0.23,**,,-0.290024498,0.040844577,7.100685596,1.24E-12,50.42,2.07,***
config_files_modified,config_files_modified,0.000571688,0.001670376,0.342251097,0.732161935,0.117,0, ,,-0.000470733,0.00059752,-0.787812397,0.430806449,0.621,0.01, ,,0.002381248,0.001134148,2.099592449,0.035764708,4.408,0.18,*,,0.001195154,0.000830762,1.438624223,0.150257019,2.07,0.03, ,,0.001474421,0.000633658,2.326842876,0.019973629,5.414,0.13,*,,-0.005393758,0.001219102,-4.424370459,9.67E-06,19.575,0.81,***,,-0.000571688,0.001670376,0.342251097,0.732161935,0.117,0, ,,0.000470733,0.00059752,-0.787812397,0.430806449,0.621,0.01, ,,-0.002381248,0.001134148,2.099592449,0.035764708,4.408,0.18,*,,-0.001195154,0.000830762,1.438624223,0.150257019,2.07,0.03, ,,-0.001474421,0.000633658,2.326842876,0.019973629,5.414,0.13,*,,0.005393758,0.001219102,-4.424370459,9.67E-06,19.575,0.81,***
deployment_lines,deployment_lines,-0.19138807,0.014379904,-13.30941223,2.04E-40,177.14,2.77,***,,0.051708075,0.008942455,5.78231306,7.37E-09,33.435,0.74,***,,-0.067672386,0.013899273,-4.868771564,1.12E-06,23.705,0.99,***,,-0.095595466,0.005639571,-16.95084087,1.90E-64,287.331,3.67,***,,-0.10811265,0.009770627,-11.06506826,1.85E-28,122.436,3.04,***,,-0.039015354,0.010015661,-3.895434574,9.80E-05,15.174,0.62,***,,0.19138807,0.014379904,-13.30941223,2.04E-40,177.14,2.77,***,,-0.051708075,0.008942455,5.78231306,7.37E-09,33.435,0.74,***,,0.067672386,0.013899273,-4.868771564,1.12E-06,23.705,0.99,***,,0.095595466,0.005639571,-16.95084087,1.90E-64,287.331,3.67,***,,0.10811265,0.009770627,-11.06506826,1.85E-28,122.436,3.04,***,,0.039015354,0.010015661,-3.895434574,9.80E-05,15.174,0.62,***
dist,distdefault,0.333807382,0.152917495,2.182924741,0.029041353,1147.489,17.95,***,,-0.455105437,0.059666708,-7.627460102,2.39E-14,403.448,8.91,***,,0.021957533,0.129972904,0.16893931,0.865844379,295.633,12.41,***,,1.113921321,0.088485605,12.58872922,2.44E-36,1885.26,24.1,***,,0.354832095,0.095814303,3.703331171,0.000212787,345.66,8.58,***,,0.9412347,0.121773542,7.729385891,1.08E-14,652.906,26.86,***,,-0.333807382,0.152917495,2.182924741,0.029041353,1147.489,17.95,***,,0.455105437,0.059666708,-7.627460102,2.39E-14,403.448,8.91,***,,-0.021957533,0.129972904,0.16893931,0.865844379,295.633,12.41,***,,-1.113921321,0.088485605,12.58872922,2.44E-36,1885.26,24.1,***,,-0.354832095,0.095814303,3.703331171,0.000212787,345.66,8.58,***,,-0.9412347,0.121773542,7.729385891,1.08E-14,652.906,26.86,***
dist,distprecise,-0.69233417,0.178292572,-3.883135243,0.000103118,1147.489,17.95,***,,-0.720250268,0.075226125,-9.574469884,1.02E-21,403.448,8.91,***,,-0.237253238,0.160718904,-1.476199957,0.139890221,295.633,12.41,***,,0.16828395,0.106627243,1.578245344,0.114509257,1885.26,24.1,***,,0.315986325,0.121036788,2.610663501,0.009036676,345.66,8.58,***,,0.089227403,0.153882235,0.579842131,0.562021083,652.906,26.86,***,,0.69233417,0.178292572,-3.883135243,0.000103118,1147.489,17.95,***,,0.720250268,0.075226125,-9.574469884,1.02E-21,403.448,8.91,***,,0.237253238,0.160718904,-1.476199957,0.139890221,295.633,12.41,***,,-0.16828395,0.106627243,1.578245344,0.114509257,1885.26,24.1,***,,-0.315986325,0.121036788,2.610663501,0.009036676,345.66,8.58,***,,-0.089227403,0.153882235,0.579842131,0.562021083,652.906,26.86,***
dist,disttrusty,-0.649884162,0.15463042,-4.202822191,2.64E-05,1147.489,17.95,***,,-0.331794151,0.059856442,-5.54316528,2.97E-08,403.448,8.91,***,,-0.475850449,0.131602767,-3.615808855,0.000299411,295.633,12.41,***,,0.229895872,0.0901257,2.550835915,0.010746491,1885.26,24.1,***,,-0.050136666,0.096509723,-0.5194986,0.603413089,345.66,8.58,***,,0.416174227,0.123074746,3.381475401,0.000720977,652.906,26.86,***,,0.649884162,0.15463042,-4.202822191,2.64E-05,1147.489,17.95,***,,0.331794151,0.059856442,-5.54316528,2.97E-08,403.448,8.91,***,,0.475850449,0.131602767,-3.615808855,0.000299411,295.633,12.41,***,,-0.229895872,0.0901257,2.550835915,0.010746491,1885.26,24.1,***,,0.050136666,0.096509723,-0.5194986,0.603413089,345.66,8.58,***,,-0.416174227,0.123074746,3.381475401,0.000720977,652.906,26.86,***
dist,distxenial,1.05380454,0.164408681,6.409664848,1.46E-10,1147.489,17.95,***,,-0.061425555,0.062861528,-0.977156573,0.328491643,403.448,8.91,***,,0.01316175,0.142537033,0.092339158,0.926428578,295.633,12.41,***,,1.167406257,0.09545277,12.23019775,2.14E-34,1885.26,24.1,***,,-0.239665196,0.10543923,-2.273017323,0.023025136,345.66,8.58,***,,1.800698449,0.133137725,13.52508049,1.11E-41,652.906,26.86,***,,-1.05380454,0.164408681,6.409664848,1.46E-10,1147.489,17.95,***,,0.061425555,0.062861528,-0.977156573,0.328491643,403.448,8.91,***,,-0.01316175,0.142537033,0.092339158,0.926428578,295.633,12.41,***,,-1.167406257,0.09545277,12.23019775,2.14E-34,1885.26,24.1,***,,0.239665196,0.10543923,-2.273017323,0.023025136,345.66,8.58,***,,-1.800698449,0.133137725,13.52508049,1.11E-41,652.906,26.86,***
docker,docker1,-0.521465134,0.064621517,-8.069527947,7.06E-16,65.117,1.02,***,,-0.500945633,0.029715533,-16.85803969,9.16E-64,284.194,6.27,***,,-0.83450367,0.068599925,-12.16478979,4.79E-34,147.982,6.21,***,,-0.605744848,0.042418693,-14.28013937,2.91E-46,203.922,2.61,***,,-0.344293351,0.056048012,-6.142829006,8.11E-10,37.734,0.94,***,,0.081704312,0.069515118,1.175345948,0.239856339,1.381,0.06, ,,0.521465134,0.064621517,-8.069527947,7.06E-16,65.117,1.02,***,,0.500945633,0.029715533,-16.85803969,9.16E-64,284.194,6.27,***,,0.83450367,0.068599925,-12.16478979,4.79E-34,147.982,6.21,***,,0.605744848,0.042418693,-14.28013937,2.91E-46,203.922,2.61,***,,0.344293351,0.056048012,-6.142829006,8.11E-10,37.734,0.94,***,,-0.081704312,0.069515118,1.175345948,0.239856339,1.381,0.06, 
fast_finish,fast_finish1,0.724987705,0.033534696,21.6190334,1.19E-103,467.383,7.31,***,,0.30837109,0.016673947,18.4941866,2.30E-76,342.035,7.55,***,,0.544259911,0.032425162,16.78510995,3.14E-63,281.74,11.82,***,,0.283045564,0.02191566,12.91521964,3.69E-38,166.803,2.13,***,,0.207832126,0.028744366,7.230360483,4.82E-13,52.278,1.3,***,,0.038764207,0.033875864,1.144301646,0.252498561,1.309,0.05, ,,-0.724987705,0.033534696,21.6190334,1.19E-103,467.383,7.31,***,,-0.30837109,0.016673947,18.4941866,2.30E-76,342.035,7.55,***,,-0.544259911,0.032425162,16.78510995,3.14E-63,281.74,11.82,***,,-0.283045564,0.02191566,12.91521964,3.69E-38,166.803,2.13,***,,-0.207832126,0.028744366,7.230360483,4.82E-13,52.278,1.3,***,,-0.038764207,0.033875864,1.144301646,0.252498561,1.309,0.05, 
gh_by_core_team_member,gh_by_core_team_member1,0.268987551,0.020154126,13.34652515,1.24E-40,178.13,2.79,***,,-0.009554543,0.011442285,-0.835020496,0.403706168,0.697,0.02, ,,0.374466249,0.019979663,18.74237042,2.23E-78,351.276,14.74,***,,0.450237656,0.012452024,36.15778916,2.81E-286,1307.386,16.71,***,,0.55757169,0.016139297,34.54745877,1.56E-261,1193.527,29.62,***,,-0.138637424,0.016697815,-8.302728721,1.02E-16,68.935,2.84,***,,-0.268987551,0.020154126,13.34652515,1.24E-40,178.13,2.79,***,,0.009554543,0.011442285,-0.835020496,0.403706168,0.697,0.02, ,,-0.374466249,0.019979663,18.74237042,2.23E-78,351.276,14.74,***,,-0.450237656,0.012452024,36.15778916,2.81E-286,1307.386,16.71,***,,-0.55757169,0.016139297,34.54745877,1.56E-261,1193.527,29.62,***,,0.138637424,0.016697815,-8.302728721,1.02E-16,68.935,2.84,***
gh_diff_doc_files,gh_diff_doc_files,0.006126935,0.002025517,3.024875147,0.002487358,9.15,0.14,**,,0.001141745,0.000883361,1.292501564,0.196183505,1.671,0.04, ,,-8.68E-05,0.001435771,-0.060423339,0.951818471,0.004,0, ,,0.004604784,0.001259094,3.657219474,0.000254966,13.375,0.17,***,,-0.0022043,0.001486137,-1.483241352,0.138010298,2.2,0.05, ,,0.005145168,0.001454422,3.537602378,0.000403778,12.515,0.51,***,,-0.006126935,0.002025517,3.024875147,0.002487358,9.15,0.14,**,,-0.001141745,0.000883361,1.292501564,0.196183505,1.671,0.04, ,,8.68E-05,0.001435771,-0.060423339,0.951818471,0.004,0, ,,-0.004604784,0.001259094,3.657219474,0.000254966,13.375,0.17,***,,0.0022043,0.001486137,-1.483241352,0.138010298,2.2,0.05, ,,-0.005145168,0.001454422,3.537602378,0.000403778,12.515,0.51,***
gh_diff_files_modified,gh_diff_files_modified,-0.000477636,0.000355785,-1.342486154,0.179438417,1.802,0.03, ,,-0.000535586,0.000126911,-4.220173704,2.44E-05,17.81,0.39,***,,0.000421515,0.000302458,1.393630156,0.163429317,1.942,0.08, ,,-0.000583932,0.000172236,-3.390309376,0.000698138,11.494,0.15,***,,0.000400184,0.000154284,2.59381616,0.009491723,6.728,0.17,**,,-0.000564658,0.00035008,-1.612942658,0.106756966,2.602,0.11, ,,0.000477636,0.000355785,-1.342486154,0.179438417,1.802,0.03, ,,0.000535586,0.000126911,-4.220173704,2.44E-05,17.81,0.39,***,,-0.000421515,0.000302458,1.393630156,0.163429317,1.942,0.08, ,,0.000583932,0.000172236,-3.390309376,0.000698138,11.494,0.15,***,,-0.000400184,0.000154284,2.59381616,0.009491723,6.728,0.17,**,,0.000564658,0.00035008,-1.612942658,0.106756966,2.602,0.11, 
gh_diff_other_files,gh_diff_other_files,-0.000661282,0.000362163,-1.825924209,0.067861679,3.334,0.05,.,,-0.000544401,0.000163835,-3.322854493,0.000891014,11.041,0.24,***,,0.000349097,0.000299505,1.165579738,0.243784404,1.359,0.06, ,,-0.000130969,0.000230608,-0.567928474,0.570083536,0.323,0, ,,0.001075195,0.000220494,4.876302989,1.08E-06,23.778,0.59,***,,-0.001182977,0.000279023,-4.239715228,2.24E-05,17.975,0.74,***,,0.000661282,0.000362163,-1.825924209,0.067861679,3.334,0.05,.,,0.000544401,0.000163835,-3.322854493,0.000891014,11.041,0.24,***,,-0.000349097,0.000299505,1.165579738,0.243784404,1.359,0.06, ,,0.000130969,0.000230608,-0.567928474,0.570083536,0.323,0, ,,-0.001075195,0.000220494,4.876302989,1.08E-06,23.778,0.59,***,,0.001182977,0.000279023,-4.239715228,2.24E-05,17.975,0.74,***
gh_is_pr,gh_is_pr1,-0.328381748,0.020483452,-16.03156248,7.69E-58,257.011,4.02,***,,-0.068627012,0.010561005,-6.498151664,8.13E-11,42.226,0.93,***,,0.269595664,0.019266343,13.99308995,1.72E-44,195.807,8.22,***,,-0.01926329,0.01299922,-1.481880483,0.138372099,2.196,0.03, ,,0.441632632,0.015757031,28.02765432,7.48E-173,785.549,19.5,***,,-0.422904986,0.017090863,-24.74450754,3.55E-135,612.291,25.19,***,,0.328381748,0.020483452,-16.03156248,7.69E-58,257.011,4.02,***,,0.068627012,0.010561005,-6.498151664,8.13E-11,42.226,0.93,***,,-0.269595664,0.019266343,13.99308995,1.72E-44,195.807,8.22,***,,0.01926329,0.01299922,-1.481880483,0.138372099,2.196,0.03, ,,-0.441632632,0.015757031,28.02765432,7.48E-173,785.549,19.5,***,,0.422904986,0.017090863,-24.74450754,3.55E-135,612.291,25.19,***
gh_num_commits_on_files_touched,gh_num_commits_on_files_touched,-9.07E-06,3.00E-06,-3.021113889,0.002518466,9.127,0.14,**,,-8.66E-06,1.76E-06,-4.923866073,8.49E-07,24.244,0.54,***,,-1.57E-05,4.10E-06,-3.82335531,0.000131648,14.618,0.61,***,,1.21E-05,2.34E-06,5.151419633,2.59E-07,26.537,0.34,***,,-1.10E-05,3.93E-06,-2.806468065,0.005008788,7.876,0.2,**,,1.48E-05,4.53E-06,3.273234411,0.001063243,10.714,0.44,**,,9.07E-06,3.00E-06,-3.021113889,0.002518466,9.127,0.14,**,,8.66E-06,1.76E-06,-4.923866073,8.49E-07,24.244,0.54,***,,1.57E-05,4.10E-06,-3.82335531,0.000131648,14.618,0.61,***,,-1.21E-05,2.34E-06,5.151419633,2.59E-07,26.537,0.34,***,,1.10E-05,3.93E-06,-2.806468065,0.005008788,7.876,0.2,**,,-1.48E-05,4.53E-06,3.273234411,0.001063243,10.714,0.44,**
git_diff_src_churn,git_diff_src_churn,-2.84E-05,1.09E-05,-2.599878389,0.00932568,6.759,0.11,**,,-3.09E-05,5.52E-06,-5.595509353,2.20E-08,31.31,0.69,***,,-3.83E-07,3.57E-06,-0.107370961,0.914494691,0.012,0, ,,9.22E-06,7.21E-06,1.277364108,0.20147373,1.632,0.02, ,,5.42E-05,7.33E-06,7.397231387,1.39E-13,54.719,1.36,***,,-4.66E-05,9.11E-06,-5.111950205,3.19E-07,26.132,1.07,***,,2.84E-05,1.09E-05,-2.599878389,0.00932568,6.759,0.11,**,,3.09E-05,5.52E-06,-5.595509353,2.20E-08,31.31,0.69,***,,3.83E-07,3.57E-06,-0.107370961,0.914494691,0.012,0, ,,-9.22E-06,7.21E-06,1.277364108,0.20147373,1.632,0.02, ,,-5.42E-05,7.33E-06,7.397231387,1.39E-13,54.719,1.36,***,,4.66E-05,9.11E-06,-5.111950205,3.19E-07,26.132,1.07,***
git_diff_test_churn,git_diff_test_churn,-5.80E-05,4.00E-05,-1.449637623,0.147159599,2.101,0.03, ,,2.00E-05,1.19E-05,1.677157119,0.093511762,2.813,0.06,.,,6.84E-05,2.11E-05,3.24326403,0.001181686,10.519,0.44,**,,4.02E-05,1.70E-05,2.367664162,0.017900777,5.606,0.07,*,,-3.54E-05,1.73E-05,-2.044580891,0.040896195,4.18,0.1,*,,-4.01E-05,3.00E-05,-1.334475978,0.182047914,1.781,0.07, ,,5.80E-05,4.00E-05,-1.449637623,0.147159599,2.101,0.03, ,,-2.00E-05,1.19E-05,1.677157119,0.093511762,2.813,0.06,.,,-6.84E-05,2.11E-05,3.24326403,0.001181686,10.519,0.44,**,,-4.02E-05,1.70E-05,2.367664162,0.017900777,5.606,0.07,*,,3.54E-05,1.73E-05,-2.044580891,0.040896195,4.18,0.1,*,,4.01E-05,3.00E-05,-1.334475978,0.182047914,1.781,0.07, 
git_num_all_built_commits,git_num_all_built_commits,-0.006867451,0.001997079,-3.438748282,0.00058441,11.825,0.18,***,,0.002438063,0.000569514,4.280956912,1.86E-05,18.327,0.4,***,,-0.001113566,0.000582967,-1.91017084,0.05611122,3.649,0.15,.,,-0.003491536,0.00093313,-3.741746706,0.000182746,14.001,0.18,***,,-0.001098754,0.000519199,-2.116248697,0.034323662,4.479,0.11,*,,-0.020735297,0.00252437,-8.214049698,2.14E-16,67.471,2.78,***,,0.006867451,0.001997079,-3.438748282,0.00058441,11.825,0.18,***,,-0.002438063,0.000569514,4.280956912,1.86E-05,18.327,0.4,***,,0.001113566,0.000582967,-1.91017084,0.05611122,3.649,0.15,.,,0.003491536,0.00093313,-3.741746706,0.000182746,14.001,0.18,***,,0.001098754,0.000519199,-2.116248697,0.034323662,4.479,0.11,*,,0.020735297,0.00252437,-8.214049698,2.14E-16,67.471,2.78,***
installation_lines,installation_lines,-0.097624751,0.004491068,-21.73753545,9.06E-105,472.52,7.39,***,,-0.0021337,0.00145607,-1.465382806,0.142816506,2.147,0.05, ,,-0.033710277,0.003249101,-10.37526317,3.21E-25,107.646,4.52,***,,-0.091335084,0.002998653,-30.45869916,9.19E-204,927.732,11.86,***,,-0.023697478,0.002860617,-8.284043974,1.19E-16,68.625,1.7,***,,-0.020282746,0.004196826,-4.832877629,1.35E-06,23.357,0.96,***,,0.097624751,0.004491068,-21.73753545,9.06E-105,472.52,7.39,***,,0.0021337,0.00145607,-1.465382806,0.142816506,2.147,0.05, ,,0.033710277,0.003249101,-10.37526317,3.21E-25,107.646,4.52,***,,0.091335084,0.002998653,-30.45869916,9.19E-204,927.732,11.86,***,,0.023697478,0.002860617,-8.284043974,1.19E-16,68.625,1.7,***,,0.020282746,0.004196826,-4.832877629,1.35E-06,23.357,0.96,***
issues_ratio_three_months_ago,issues_ratio_three_months_ago,0.397607307,0.096181057,4.133946093,3.57E-05,17.09,0.27,***,,-0.064616573,0.052072642,-1.240892916,0.21464531,1.54,0.03, ,,0.623880607,0.082829249,7.532129269,4.99E-14,56.733,2.38,***,,0.367780327,0.063264737,5.813354249,6.12E-09,33.795,0.43,***,,0.566489806,0.068008948,8.329636361,8.11E-17,69.383,1.72,***,,0.10579335,0.077401748,1.366808276,0.171685408,1.868,0.08, ,,-0.397607307,0.096181057,4.133946093,3.57E-05,17.09,0.27,***,,0.064616573,0.052072642,-1.240892916,0.21464531,1.54,0.03, ,,-0.623880607,0.082829249,7.532129269,4.99E-14,56.733,2.38,***,,-0.367780327,0.063264737,5.813354249,6.12E-09,33.795,0.43,***,,-0.566489806,0.068008948,8.329636361,8.11E-17,69.383,1.72,***,,-0.10579335,0.077401748,1.366808276,0.171685408,1.868,0.08, 
jobs_delta,jobs_delta,-0.036291928,0.006535613,-5.552949274,2.81E-08,30.835,0.48,***,,-0.024817428,0.001799485,-13.79140743,2.87E-43,190.203,4.2,***,,-0.023082178,0.005513531,-4.186460183,2.83E-05,17.526,0.74,***,,-0.015422555,0.004667112,-3.304517673,0.0009514,10.92,0.14,***,,-0.013861097,0.004642944,-2.985411335,0.002831972,8.913,0.22,**,,-0.000760886,0.005885922,-0.129272136,0.897142319,0.017,0, ,,0.036291928,0.006535613,-5.552949274,2.81E-08,30.835,0.48,***,,0.024817428,0.001799485,-13.79140743,2.87E-43,190.203,4.2,***,,0.023082178,0.005513531,-4.186460183,2.83E-05,17.526,0.74,***,,0.015422555,0.004667112,-3.304517673,0.0009514,10.92,0.14,***,,0.013861097,0.004642944,-2.985411335,0.002831972,8.913,0.22,**,,0.000760886,0.005885922,-0.129272136,0.897142319,0.017,0, 
merged_prs_ratio_three_months_ago,merged_prs_ratio_three_months_ago,-0.433195368,0.083942489,-5.160620945,2.46E-07,26.632,0.42,***,,-0.10770525,0.041005755,-2.626588658,0.008624552,6.899,0.15,**,,-0.518301857,0.077676912,-6.67253426,2.51E-11,44.523,1.87,***,,-0.611794161,0.054850108,-11.15392806,6.85E-29,124.41,1.59,***,,-0.965503064,0.070460106,-13.70283292,9.76E-43,187.768,4.66,***,,0.313135262,0.073887266,4.238013891,2.26E-05,17.961,0.74,***,,0.433195368,0.083942489,-5.160620945,2.46E-07,26.632,0.42,***,,0.10770525,0.041005755,-2.626588658,0.008624552,6.899,0.15,**,,0.518301857,0.077676912,-6.67253426,2.51E-11,44.523,1.87,***,,0.611794161,0.054850108,-11.15392806,6.85E-29,124.41,1.59,***,,0.965503064,0.070460106,-13.70283292,9.76E-43,187.768,4.66,***,,-0.313135262,0.073887266,4.238013891,2.26E-05,17.961,0.74,***
num_jobs_added,num_jobs_added,-0.056602092,0.005724071,-9.888433493,4.67E-23,97.781,1.53,***,,-0.022858542,0.001737492,-13.15605859,1.57E-39,173.082,3.82,***,,0.000337237,0.00438051,0.076985763,0.938634871,0.006,0, ,,-0.035433937,0.004467266,-7.931906913,2.16E-15,62.915,0.8,***,,0.020799773,0.003796441,5.478755279,4.28E-08,30.017,0.75,***,,-0.03979977,0.006054537,-6.573545052,4.91E-11,43.211,1.78,***,,0.056602092,0.005724071,-9.888433493,4.67E-23,97.781,1.53,***,,0.022858542,0.001737492,-13.15605859,1.57E-39,173.082,3.82,***,,-0.000337237,0.00438051,0.076985763,0.938634871,0.006,0, ,,0.035433937,0.004467266,-7.931906913,2.16E-15,62.915,0.8,***,,-0.020799773,0.003796441,5.478755279,4.28E-08,30.017,0.75,***,,0.03979977,0.006054537,-6.573545052,4.91E-11,43.211,1.78,***
open_prs_ratio_three_months_ago,open_prs_ratio_three_months_ago,-2.756932479,0.56160465,-4.909027156,9.15E-07,24.099,0.38,***,,-1.379955876,0.320976355,-4.299244642,1.71E-05,18.484,0.41,***,,-0.535600151,0.512442861,-1.045189995,0.295935167,1.092,0.05, ,,-1.853203468,0.416870995,-4.445508295,8.77E-06,19.763,0.25,***,,0.208644128,0.485686965,0.429585603,0.667497112,0.185,0, ,,-0.695394842,0.511478152,-1.359578781,0.173963257,1.848,0.08, ,,2.756932479,0.56160465,-4.909027156,9.15E-07,24.099,0.38,***,,1.379955876,0.320976355,-4.299244642,1.71E-05,18.484,0.41,***,,0.535600151,0.512442861,-1.045189995,0.295935167,1.092,0.05, ,,1.853203468,0.416870995,-4.445508295,8.77E-06,19.763,0.25,***,,-0.208644128,0.485686965,0.429585603,0.667497112,0.185,0, ,,0.695394842,0.511478152,-1.359578781,0.173963257,1.848,0.08, 
oses,oseslinux+osx,-1.528701328,0.085165769,-17.94971557,4.82E-72,450.971,7.05,***,,-0.982598439,0.028922082,-33.9739873,5.40E-253,1209.23,26.7,***,,-1.156273585,0.076588592,-15.09720378,1.69E-51,248.244,10.42,***,,-1.287337979,0.075332446,-17.0887586,1.80E-65,432.179,5.52,***,,-0.747229667,0.075655652,-9.876719737,5.25E-23,188.403,4.68,***,,-0.092721899,0.103259806,-0.897947634,0.369213468,74.62,3.07,***,,1.528701328,0.085165769,-17.94971557,4.82E-72,450.971,7.05,***,,0.982598439,0.028922082,-33.9739873,5.40E-253,1209.23,26.7,***,,1.156273585,0.076588592,-15.09720378,1.69E-51,248.244,10.42,***,,1.287337979,0.075332446,-17.0887586,1.80E-65,432.179,5.52,***,,0.747229667,0.075655652,-9.876719737,5.25E-23,188.403,4.68,***,,0.092721899,0.103259806,-0.897947634,0.369213468,74.62,3.07,***
oses,oseslinux+osx+windows,10.99641298,392.7621591,0.027997639,0.977664035,450.971,7.05,***,,9.541048851,119.4710179,0.079860781,0.936347982,1209.23,26.7,***,,9.004315955,139.2682482,0.064654478,0.948449108,248.244,10.42,***,,-1.543587307,1.260708396,-1.224380921,0.220808563,432.179,5.52,***,,-1.293589208,1.363860883,-0.948475921,0.342887225,188.403,4.68,***,,-0.0741848,0.861823756,-0.086078852,0.931403735,74.62,3.07,***,,-10.99641298,392.7621591,0.027997639,0.977664035,450.971,7.05,***,,-9.541048851,119.4710179,0.079860781,0.936347982,1209.23,26.7,***,,-9.004315955,139.2682482,0.064654478,0.948449108,248.244,10.42,***,,1.543587307,1.260708396,-1.224380921,0.220808563,432.179,5.52,***,,1.293589208,1.363860883,-0.948475921,0.342887225,188.403,4.68,***,,0.0741848,0.861823756,-0.086078852,0.931403735,74.62,3.07,***
oses,oseslinux+windows,0.796521239,0.678907141,1.173240331,0.240699443,450.971,7.05,***,,-1.448066749,0.705959181,-2.051204642,0.040247022,1209.23,26.7,***,,2.007158271,0.705490351,2.84505418,0.004440387,248.244,10.42,***,,2.468652373,0.328641124,7.51169648,5.84E-14,432.179,5.52,***,,3.559003581,0.383320867,9.284659113,1.62E-20,188.403,4.68,***,,-1.053706432,0.29565496,-3.563973462,0.000365283,74.62,3.07,***,,-0.796521239,0.678907141,1.173240331,0.240699443,450.971,7.05,***,,1.448066749,0.705959181,-2.051204642,0.040247022,1209.23,26.7,***,,-2.007158271,0.705490351,2.84505418,0.004440387,248.244,10.42,***,,-2.468652373,0.328641124,7.51169648,5.84E-14,432.179,5.52,***,,-3.559003581,0.383320867,9.284659113,1.62E-20,188.403,4.68,***,,1.053706432,0.29565496,-3.563973462,0.000365283,74.62,3.07,***
oses,osesosx,-3.738192477,0.328064836,-11.3946759,4.44E-30,450.971,7.05,***,,-1.494529698,0.208493189,-7.168242292,7.60E-13,1209.23,26.7,***,,-1.07398051,0.306554043,-3.503396988,0.000459364,248.244,10.42,***,,-1.620003839,0.177857079,-9.108458586,8.36E-20,432.179,5.52,***,,0.396400681,0.202483976,1.957689145,0.0502665,188.403,4.68,***,,-2.466906466,0.315543505,-7.817959903,5.37E-15,74.62,3.07,***,,3.738192477,0.328064836,-11.3946759,4.44E-30,450.971,7.05,***,,1.494529698,0.208493189,-7.168242292,7.60E-13,1209.23,26.7,***,,1.07398051,0.306554043,-3.503396988,0.000459364,248.244,10.42,***,,1.620003839,0.177857079,-9.108458586,8.36E-20,432.179,5.52,***,,-0.396400681,0.202483976,1.957689145,0.0502665,188.403,4.68,***,,2.466906466,0.315543505,-7.817959903,5.37E-15,74.62,3.07,***
retry,retry,-0.16650717,0.019567825,-8.509232209,1.75E-17,72.407,1.13,***,,-0.091696282,0.00579565,-15.82157078,2.21E-56,250.322,5.53,***,,-0.168488131,0.015067054,-11.18255331,4.96E-29,125.049,5.25,***,,-0.129358029,0.016539537,-7.821139538,5.23E-15,61.17,0.78,***,,-0.018593883,0.013778312,-1.349503669,0.177175243,1.821,0.05, ,,-0.090675843,0.02502996,-3.622692341,0.000291553,13.124,0.54,***,,0.16650717,0.019567825,-8.509232209,1.75E-17,72.407,1.13,***,,0.091696282,0.00579565,-15.82157078,2.21E-56,250.322,5.53,***,,0.168488131,0.015067054,-11.18255331,4.96E-29,125.049,5.25,***,,0.129358029,0.016539537,-7.821139538,5.23E-15,61.17,0.78,***,,0.018593883,0.013778312,-1.349503669,0.177175243,1.821,0.05, ,,0.090675843,0.02502996,-3.622692341,0.000291553,13.124,0.54,***
reviews_ratio_three_months_ago,reviews_ratio_three_months_ago,-0.724136327,0.107296554,-6.74892433,1.49E-11,45.548,0.71,***,,-0.174241068,0.050494555,-3.450690213,0.000559155,11.907,0.26,***,,-0.804431205,0.107233138,-7.501703449,6.30E-14,56.276,2.36,***,,-1.01131115,0.071510243,-14.14218588,2.09E-45,200.001,2.56,***,,-1.126061491,0.09354083,-12.03818154,2.24E-33,144.918,3.6,***,,0.469567981,0.096573985,4.862261595,1.16E-06,23.642,0.97,***,,0.724136327,0.107296554,-6.74892433,1.49E-11,45.548,0.71,***,,0.174241068,0.050494555,-3.450690213,0.000559155,11.907,0.26,***,,0.804431205,0.107233138,-7.501703449,6.30E-14,56.276,2.36,***,,1.01131115,0.071510243,-14.14218588,2.09E-45,200.001,2.56,***,,1.126061491,0.09354083,-12.03818154,2.24E-33,144.918,3.6,***,,-0.469567981,0.096573985,4.862261595,1.16E-06,23.642,0.97,***
scripting_lines,scripting_lines,-0.083634105,0.002885563,-28.98364002,1.06E-184,840.051,13.14,***,,-0.012334083,0.001088801,-11.32813531,9.52E-30,128.327,2.83,***,,-0.041669121,0.002860384,-14.56766648,4.51E-48,212.217,8.91,***,,-0.037425121,0.001824057,-20.51752044,1.50E-93,420.969,5.38,***,,-0.01764999,0.002280308,-7.740177105,9.93E-15,59.91,1.49,***,,-0.027970321,0.003129774,-8.936849532,4.00E-19,79.867,3.29,***,,0.083634105,0.002885563,-28.98364002,1.06E-184,840.051,13.14,***,,0.012334083,0.001088801,-11.32813531,9.52E-30,128.327,2.83,***,,0.041669121,0.002860384,-14.56766648,4.51E-48,212.217,8.91,***,,0.037425121,0.001824057,-20.51752044,1.50E-93,420.969,5.38,***,,0.01764999,0.002280308,-7.740177105,9.93E-15,59.91,1.49,***,,0.027970321,0.003129774,-8.936849532,4.00E-19,79.867,3.29,***
sudo,sudo1,-0.408941192,0.043072563,-9.494238621,2.22E-21,90.141,1.41,***,,0.141156289,0.015781548,8.944387852,3.74E-19,80.002,1.77,***,,0.117927121,0.035419451,3.329445232,0.000870192,11.085,0.47,***,,-0.301633554,0.028451891,-10.60152912,2.93E-26,112.392,1.44,***,,-0.244678101,0.02837523,-8.622946733,6.53E-18,74.355,1.85,***,,-0.209790385,0.040825577,-5.138699771,2.77E-07,26.406,1.09,***,,0.408941192,0.043072563,-9.494238621,2.22E-21,90.141,1.41,***,,-0.141156289,0.015781548,8.944387852,3.74E-19,80.002,1.77,***,,-0.117927121,0.035419451,3.329445232,0.000870192,11.085,0.47,***,,0.301633554,0.028451891,-10.60152912,2.93E-26,112.392,1.44,***,,0.244678101,0.02837523,-8.622946733,6.53E-18,74.355,1.85,***,,0.209790385,0.040825577,-5.138699771,2.77E-07,26.406,1.09,***
total_three_months_ago,total_three_months_ago,-0.000354398,2.22E-05,-15.9599754,2.43E-57,254.721,3.98,***,,-7.28E-06,1.32E-06,-5.497839078,3.84E-08,30.226,0.67,***,,-6.05E-06,2.61E-06,-2.32309924,0.020173822,5.397,0.23,*,,-0.000266169,1.50E-05,-17.71449303,3.24E-70,313.803,4.01,***,,3.60E-07,2.88E-06,0.124813582,0.900671134,0.016,0, ,,-1.86E-05,6.55E-06,-2.835951675,0.004568936,8.043,0.33,**,,0.000354398,2.22E-05,-15.9599754,2.43E-57,254.721,3.98,***,,7.28E-06,1.32E-06,-5.497839078,3.84E-08,30.226,0.67,***,,6.05E-06,2.61E-06,-2.32309924,0.020173822,5.397,0.23,*,,0.000266169,1.50E-05,-17.71449303,3.24E-70,313.803,4.01,***,,-3.60E-07,2.88E-06,0.124813582,0.900671134,0.016,0, ,,1.86E-05,6.55E-06,-2.835951675,0.004568936,8.043,0.33,**
travis_wait,travis_wait,-0.023155859,0.00182943,-12.65741929,1.02E-36,160.21,2.51,***,,-0.004734279,0.000596897,-7.931490218,2.17E-15,62.909,1.39,***,,-0.004606837,0.001794719,-2.566884394,0.010261682,6.589,0.28,*,,-0.013619533,0.001335554,-10.19766547,2.03E-24,103.992,1.33,***,,0.004486028,0.001361261,3.295494039,0.000982488,10.86,0.27,***,,-0.016848663,0.001946627,-8.655313438,4.92E-18,74.914,3.08,***,,0.023155859,0.00182943,-12.65741929,1.02E-36,160.21,2.51,***,,0.004734279,0.000596897,-7.931490218,2.17E-15,62.909,1.39,***,,0.004606837,0.001794719,-2.566884394,0.010261682,6.589,0.28,*,,0.013619533,0.001335554,-10.19766547,2.03E-24,103.992,1.33,***,,-0.004486028,0.001361261,3.295494039,0.000982488,10.86,0.27,***,,0.016848663,0.001946627,-8.655313438,4.92E-18,74.914,3.08,***
unmerged_prs_ratio_three_months_ago,unmerged_prs_ratio_three_months_ago,0.129317918,0.201449361,0.641937592,0.520913705,0.412,0.01, ,,-0.102538136,0.103723279,-0.988573995,0.322871615,0.977,0.02, ,,-0.379737715,0.193660684,-1.960840516,0.04989763,3.845,0.16,*,,0.177316039,0.126630572,1.400262478,0.161434733,1.961,0.03, ,,0.229437939,0.159608065,1.437508426,0.15057358,2.066,0.05, ,,0.017504147,0.170228729,0.102827219,0.918100102,0.011,0, ,,-0.129317918,0.201449361,0.641937592,0.520913705,0.412,0.01, ,,0.102538136,0.103723279,-0.988573995,0.322871615,0.977,0.02, ,,0.379737715,0.193660684,-1.960840516,0.04989763,3.845,0.16,*,,-0.177316039,0.126630572,1.400262478,0.161434733,1.961,0.03, ,,-0.229437939,0.159608065,1.437508426,0.15057358,2.066,0.05, ,,-0.017504147,0.170228729,0.102827219,0.918100102,0.011,0, 
weekday_weekend,weekday_weekendweekend,0.262351103,0.017903436,14.6536733,1.28E-48,214.73,3.36,***,,0.043518204,0.010200287,4.266370559,1.99E-05,18.202,0.4,***,,0.184382619,0.017672922,10.43305787,1.75E-25,108.849,4.57,***,,0.25994656,0.011262476,23.08076488,7.22E-118,532.722,6.81,***,,0.192829709,0.014450369,13.34427616,1.28E-40,178.07,4.42,***,,0.017898026,0.01472344,1.215614373,0.224131856,1.478,0.06, ,,-0.262351103,0.017903436,14.6536733,1.28E-48,214.73,3.36,***,,-0.043518204,0.010200287,4.266370559,1.99E-05,18.202,0.4,***,,-0.184382619,0.017672922,10.43305787,1.75E-25,108.849,4.57,***,,-0.25994656,0.011262476,23.08076488,7.22E-118,532.722,6.81,***,,-0.192829709,0.014450369,13.34427616,1.28E-40,178.07,4.42,***,,-0.017898026,0.01472344,1.215614373,0.224131856,1.478,0.06, 