issue_link,issue_title
https://github.com/travis-ci/travis-ci/issues/1771,Cann't create directory in iphonesimulator cache folder for testing library
https://github.com/travis-ci/travis-ci/issues/1786,"Successful build shows ""build failing"" image"
https://github.com/travis-ci/travis-ci/issues/1857,Extremely slow download of build package
https://github.com/travis-ci/travis-ci/issues/1903,npm install error
https://github.com/travis-ci/travis-ci/issues/1968,NPM can't find new packages
https://github.com/travis-ci/travis-ci/issues/1970,Build status image cached by GitHub
https://github.com/travis-ci/travis-ci/issues/2041,Enable caching on OS X (TravisPro)
https://github.com/travis-ci/travis-ci/issues/2055,Better instructions for installing travis command line client
https://github.com/travis-ci/travis-ci/issues/2059,Build caching should happen at the very end of the build or be more customizable
https://github.com/travis-ci/travis-ci/issues/2097,Rebuilding a failed job succeeded but it left the log content of the failed run
https://github.com/travis-ci/travis-ci/issues/2108,Non-Existing repos
https://github.com/travis-ci/travis-ci/issues/2130,Enable Caching for Pull Requests
https://github.com/travis-ci/travis-ci/issues/2131,Automatically remove caches
https://github.com/travis-ci/travis-ci/issues/2153,Expand environment variables in cache directories
https://github.com/travis-ci/travis-ci/issues/2167,gvm is slow; add option to skip & manage Go manually
https://github.com/travis-ci/travis-ci/issues/2214,"If cache takes too long to build and upload, it can mark the job an error"
https://github.com/travis-ci/travis-ci/issues/2245,Clear cache commit message
https://github.com/travis-ci/travis-ci/issues/2303,Tests started failing
https://github.com/travis-ci/travis-ci/issues/2321,Pull requests aren't extracting secure variables
https://github.com/travis-ci/travis-ci/issues/2370,apt-get update fails on Travis Pro for chrome with apt cache
https://github.com/travis-ci/travis-ci/issues/2435,The directory cache is marked as updated even when the file content is the same
https://github.com/travis-ci/travis-ci/issues/2518,"Add switch for ""bundle clean"" on ""store build cache"""
https://github.com/travis-ci/travis-ci/issues/2542,Rubinius - corrupt cached gems
https://github.com/travis-ci/travis-ci/issues/2546,'gem install' for 1.9.3 unexpectedly installs prerelease version of the gem's dependencies
https://github.com/travis-ci/travis-ci/issues/2661,Propagate default branch to travis-build
https://github.com/travis-ci/travis-ci/issues/2669,Podfile linting
https://github.com/travis-ci/travis-ci/issues/2738,Fails to remove /var/cache/oracle-jdk7-installer
https://github.com/travis-ci/travis-ci/issues/2821,Rubinius - corrupt cached gems (again)
https://github.com/travis-ci/travis-ci/issues/2830,"States cache update logic should check id, not finished_at"
https://github.com/travis-ci/travis-ci/issues/2851,Request for inclusion of libicu-dev package in base images
https://github.com/travis-ci/travis-ci/issues/2925,rbx-2 isn't bundling gems anymore
https://github.com/travis-ci/travis-ci/issues/2939,Feature request: caching objects downloaded by a git clone
https://github.com/travis-ci/travis-ci/issues/2975,Caching issue when using different Gemfiles
https://github.com/travis-ci/travis-ci/issues/3006,Update tools fails when I send my build to container-based infrastructure
https://github.com/travis-ci/travis-ci/issues/3023,"Make cache dependent on ""env"" OR allow dynamic customization of the cache key"
https://github.com/travis-ci/travis-ci/issues/3037,Issue: It's not possible to start Android emulators (api19+) on Docker workers
https://github.com/travis-ci/travis-ci/issues/3039,Exclude rules for caching
https://github.com/travis-ci/travis-ci/issues/3055,Directory caching is broken for Go builds
https://github.com/travis-ci/travis-ci/issues/3060,Upgrade to pip 6.x
https://github.com/travis-ci/travis-ci/issues/3061,Create a ccache bucket
https://github.com/travis-ci/travis-ci/issues/3070,Cache OpenWrt SDKs
https://github.com/travis-ci/travis-ci/issues/3073,Not all files are cached
https://github.com/travis-ci/travis-ci/issues/3122,improve cache change detection for scala sbt/ivy caches
https://github.com/travis-ci/travis-ci/issues/3131,"APT whitelist request for liblapack-dev, g++-4.8 (ppa:ubuntu-toolchain-r/test), python-nose, valgrind, ccache"
https://github.com/travis-ci/travis-ci/issues/3176,dart: Add pub cache bin dir to PATH
https://github.com/travis-ci/travis-ci/issues/3223,APT whitelist request for libxmlsec1-dev
https://github.com/travis-ci/travis-ci/issues/3239,"Special cache directives (pip, bundler, ccache, etc.) depend on not overriding install"
https://github.com/travis-ci/travis-ci/issues/3239,"Special cache directives (pip, bundler, ccache, etc.) depend on not overriding install"
https://github.com/travis-ci/travis-ci/issues/3246,Cache is uploaded even if there are no changes
https://github.com/travis-ci/travis-ci/issues/3262,APT whitelist request for libfcgi-dev
https://github.com/travis-ci/travis-ci/issues/3263,APT whitelist request for libnotify-dev libxcb-util0-dev libsqlite3-dev libgtk2.0-dev libwebkitgtk-dev
https://github.com/travis-ci/travis-ci/issues/3281,How to re-enable Zend Opcache
https://github.com/travis-ci/travis-ci/issues/3352,Casher fails to create cache
https://github.com/travis-ci/travis-ci/issues/3357,"docs: ""If you do not override the install build phase"" is unclear on caching page"
https://github.com/travis-ci/travis-ci/issues/3367,Cache upload timeout should fail silently (and not affect build result)
https://github.com/travis-ci/travis-ci/issues/3532,PHP VM: mtime changes don't seem to happen correctly
https://github.com/travis-ci/travis-ci/issues/3566,Cache download takes a long time (or fails)
https://github.com/travis-ci/travis-ci/issues/3675,Storing Build Cache Much Slower Today
https://github.com/travis-ci/travis-ci/issues/3691,"""cache: ccache"" shortcut does not work in the new container-based build infra"
https://github.com/travis-ci/travis-ci/issues/3699,Feature request for creating one cache (ccache) per branch per CI job
https://github.com/travis-ci/travis-ci/issues/3719,"Feature request for processing multiple documents in a single .travis.yml stream to support ""virtual branch"""
https://github.com/travis-ci/travis-ci/issues/3727,ccache does not appear to be working correctly in the new build infra today
https://github.com/travis-ci/travis-ci/issues/3745,Maven repository caching appears to corrupt jars
https://github.com/travis-ci/travis-ci/issues/3758,caching node_modules and wrong dependency version
https://github.com/travis-ci/travis-ci/issues/3775,JVM fork fails when using the new containter-based infrastructure
https://github.com/travis-ci/travis-ci/issues/3786,composer's vendor directory cached is missing packages
https://github.com/travis-ci/travis-ci/issues/3795,Cannot unzip Gradle distribution
https://github.com/travis-ci/travis-ci/issues/3817,Use `default_branch` or allow to specify default branch for caching
https://github.com/travis-ci/travis-ci/issues/3903,Updating store cache in any job?
https://github.com/travis-ci/travis-ci/issues/3971,APT whitelist request for sphinxsearch
https://github.com/travis-ci/travis-ci/issues/3995,lodash package not up to date in iojs v2.2.0
https://github.com/travis-ci/travis-ci/issues/4011,"Caching feature never executes in ""osx"" and GCE environments"
https://github.com/travis-ci/travis-ci/issues/4013,public Travis worker VMs leak memory (probably from Linux disk cache?)
https://github.com/travis-ci/travis-ci/issues/4035,Node.js directory caching
https://github.com/travis-ci/travis-ci/issues/4065,Cache Google Android libraries
https://github.com/travis-ci/travis-ci/issues/4096,Wrong file version in requirement package
https://github.com/travis-ci/travis-ci/issues/4191,Possible caching issue of conda packages
https://github.com/travis-ci/travis-ci/issues/4194,Upgrading pip doesn't work.
https://github.com/travis-ci/travis-ci/issues/4203,Caching of custom folders works for the last folder in the list only
https://github.com/travis-ci/travis-ci/issues/4207,"On private Mac builds with the Xcode 6.3 image, use of caching utility yields warnings about `$PATH`"
https://github.com/travis-ci/travis-ci/issues/4211,"On private Mac builds, requests to upload cache silently fails"
https://github.com/travis-ci/travis-ci/issues/4299,cache: pip fails
https://github.com/travis-ci/travis-ci/issues/4362,Global cache
https://github.com/travis-ci/travis-ci/issues/4380,"casher detects changes, but packs nothing"
https://github.com/travis-ci/travis-ci/issues/4390,cache.directories does not work with glob wild cards
https://github.com/travis-ci/travis-ci/issues/4392,[Casher] s3 download can be slow
https://github.com/travis-ci/travis-ci/issues/4393,[Casher] Distinct caches for each job in a build matrix
https://github.com/travis-ci/travis-ci/issues/4422,pip 7 with Python 2.7 not caching properly
https://github.com/travis-ci/travis-ci/issues/4423,"Can't differentiate between ""no cache"" and ""failed cache download"""
https://github.com/travis-ci/travis-ci/issues/4470,Automatically enable caching of Rust packages
https://github.com/travis-ci/travis-ci/issues/4472,cache should not be saved on failed builds
https://github.com/travis-ci/travis-ci/issues/4526,cache in mac osx
https://github.com/travis-ci/travis-ci/issues/4556,Files deleted 'before_cache' are still triggering a cache archive repack 
https://github.com/travis-ci/travis-ci/issues/4571,Cache the Mono installation
https://github.com/travis-ci/travis-ci/issues/4579,Caching for php/ composer projects?
https://github.com/travis-ci/travis-ci/issues/4588,Travis-CI can't find my Organization repos for the entire day
https://github.com/travis-ci/travis-ci/issues/4608,`cache: bundler` is broken
https://github.com/travis-ci/travis-ci/issues/4610,The list of detected changes in the cache duplicates all files
https://github.com/travis-ci/travis-ci/issues/4615,Cache doesn't work for language: objective-c
https://github.com/travis-ci/travis-ci/issues/4657,Each item in the matrix should get its own cache
https://github.com/travis-ci/travis-ci/issues/4693,Cache blacklisting
https://github.com/travis-ci/travis-ci/issues/4698,Path is not exported for ccache when it is enabled
https://github.com/travis-ci/travis-ci/issues/4822,"Caching build fails with ruby 2.2.1 and above, works fine with 2.2.0"
https://github.com/travis-ci/travis-ci/issues/4829,`ccache` caching support in pull request branches
https://github.com/travis-ci/travis-ci/issues/4840,[based on containers] pip install with cache intall all packages again
https://github.com/travis-ci/travis-ci/issues/4869,Mac OS X builds won't cache
https://github.com/travis-ci/travis-ci/issues/4873,Cache constantly invalidated by pre-installed virtualenv pytest
https://github.com/travis-ci/travis-ci/issues/4898,Tox randomly failing
https://github.com/travis-ci/travis-ci/issues/4901,Casher will error if branch has ' in name
https://github.com/travis-ci/travis-ci/issues/4921,install GNU Multiple Precision Arithmetic Library
https://github.com/travis-ci/travis-ci/issues/4960,Using JRuby is extremely slow
https://github.com/travis-ci/travis-ci/issues/4997,Trusty beta: Add support for dependency/directory caching
https://github.com/travis-ci/travis-ci/issues/5016,Files removed in before_cache step were still added to cache unexpectedly
https://github.com/travis-ci/travis-ci/issues/5022,Add cache support for Carton (perl)
https://github.com/travis-ci/travis-ci/issues/5072,rvm: command not found
https://github.com/travis-ci/travis-ci/issues/5096,Web interface displays incomplete color escape sequences
https://github.com/travis-ci/travis-ci/issues/5127,create separate caches depending on env variables
https://github.com/travis-ci/travis-ci/issues/5155,Add 'detect_changes' to The Build Lifecycle
https://github.com/travis-ci/travis-ci/issues/5319,Fetch cache from different branch
https://github.com/travis-ci/travis-ci/issues/5329,Should a casher timeout failure clear cached directories?
https://github.com/travis-ci/travis-ci/issues/5358,Caching Docker Images on Build
https://github.com/travis-ci/travis-ci/issues/5384,Environment variables are not expended into the cache bucket's name when spcified in matrix.include
https://github.com/travis-ci/travis-ci/issues/5450,Cache does not work for iOS project (language: objective-c/swift)
https://github.com/travis-ci/travis-ci/issues/5500,Adding Goose/Godep to the Golang cookbooks
https://github.com/travis-ci/travis-ci/issues/5506,New Account Can't Find Repositories
https://github.com/travis-ci/travis-ci/issues/5514,Erlang/Elixir downloads are not being cached?
https://github.com/travis-ci/travis-ci/issues/5545,Feedback about the new Trusty environment
https://github.com/travis-ci/travis-ci/issues/5546,node-gyp build of node-wrtc that uses clang requires sudo?
https://github.com/travis-ci/travis-ci/issues/5562,Node version checksum mismatch
https://github.com/travis-ci/travis-ci/issues/5571,Add Gradle Cache
https://github.com/travis-ci/travis-ci/issues/5577,Travis cache directories doesn't work for maven
https://github.com/travis-ci/travis-ci/issues/5590,php composer has trouble clearing the cache
https://github.com/travis-ci/travis-ci/issues/5603,Java Unit tests fail for 
https://github.com/travis-ci/travis-ci/issues/5606,Automatically cache ~/.m2 directory for Clojure
https://github.com/travis-ci/travis-ci/issues/5654,When using gemsets - cocoapods fails to run
https://github.com/travis-ci/travis-ci/issues/5658,R: Package installation ERRORs but travis reports success
https://github.com/travis-ci/travis-ci/issues/5661,Cocopods repository cache
https://github.com/travis-ci/travis-ci/issues/5662,"When both CocoaPods and Bundler caches are enabled, only the former is effective"
https://github.com/travis-ci/travis-ci/issues/5695,Add support for container builds using Ubuntu 14.04/Trusty
https://github.com/travis-ci/travis-ci/issues/5700,Help for long running build
https://github.com/travis-ci/travis-ci/issues/5721,Local apt proxy for standard repositories
https://github.com/travis-ci/travis-ci/issues/5732,Travis CI caches withdrawn python package protobuf-3.0.0-alpha-1 ?
https://github.com/travis-ci/travis-ci/issues/5733,Feature: Install recent JRuby on Ruby VM
https://github.com/travis-ci/travis-ci/issues/5744,julia: caching packages
https://github.com/travis-ci/travis-ci/issues/5762,Use cocoapods-deploy for Installing
https://github.com/travis-ci/travis-ci/issues/5764,Docker cache being incorrectly invalidated on Travis
https://github.com/travis-ci/travis-ci/issues/5820,OSX build environment running low on disk space
https://github.com/travis-ci/travis-ci/issues/5855,Cannot acces caches informations
https://github.com/travis-ci/travis-ci/issues/5876,APT caching doesn't work for packages installed with the APT addon
https://github.com/travis-ci/travis-ci/issues/5884,cache is empty after upload
https://github.com/travis-ci/travis-ci/issues/5905,Default maven central repository should always use https
https://github.com/travis-ci/travis-ci/issues/5907,"Maven problematic pre-build step using ""install"" goal"
https://github.com/travis-ci/travis-ci/issues/5929,PATH is not properly set up - caching phase for non-Ruby jobs
https://github.com/travis-ci/travis-ci/issues/5946,Not using the right android build tools version for one build before the change.
https://github.com/travis-ci/travis-ci/issues/5965,Cache not working on Trusty
https://github.com/travis-ci/travis-ci/issues/6001,Multiple builds (different JDK) don't use the cache
https://github.com/travis-ci/travis-ci/issues/6004,Store build cache doesn't save data and returns error 
https://github.com/travis-ci/travis-ci/issues/6005,caching directories with space in name
https://github.com/travis-ci/travis-ci/issues/6022,tar: Cowardly refusing to create an empty archive
https://github.com/travis-ci/travis-ci/issues/6033,casher:143:in `read': No such file or directory - .casher/paths (Errno::ENOENT) on build cache
https://github.com/travis-ci/travis-ci/issues/6071,Strange files stored in cache (filename.js and diagrams.graffle)
https://github.com/travis-ci/travis-ci/issues/6074,"OS X job fails, log contains ""Build dist: precise"""
https://github.com/travis-ci/travis-ci/issues/6083,Can't get g++-5 compiler without additional export
https://github.com/travis-ci/travis-ci/issues/6102,Cache most popular docker images
https://github.com/travis-ci/travis-ci/issues/6115,cache timeout when loading /usr/local from 300mb tgz file
https://github.com/travis-ci/travis-ci/issues/6170,Purge stale caches
https://github.com/travis-ci/travis-ci/issues/6201,ccache does not work for clang compiler
https://github.com/travis-ci/travis-ci/issues/6300,Better support for modern C++
https://github.com/travis-ci/travis-ci/issues/6317,Cache timeout not working
https://github.com/travis-ci/travis-ci/issues/6318,Make cache expiration configurable
https://github.com/travis-ci/travis-ci/issues/6326,Storing the build cache fails without an error
https://github.com/travis-ci/travis-ci/issues/6348,Support `cache: carthage` to automatically cache Carthage dependencies
https://github.com/travis-ci/travis-ci/issues/6353,Test Matrix with Multiple R Installs
https://github.com/travis-ci/travis-ci/issues/6368,cache on OS X always rebuilds the hashdeep
https://github.com/travis-ci/travis-ci/issues/6369,travis ccache not splitting on build matrix
https://github.com/travis-ci/travis-ci/issues/6396,Cached .m2 folder frequently contains corrupted files
https://github.com/travis-ci/travis-ci/issues/6410,Upload the cache before timeout
https://github.com/travis-ci/travis-ci/issues/6432,"In the last few days, builds are created but not processed"
https://github.com/travis-ci/travis-ci/issues/6433,Changes detected in emptied subfolder while caching 
https://github.com/travis-ci/travis-ci/issues/6449,Curl to localhost now uses IPv6
https://github.com/travis-ci/travis-ci/issues/6461,Unable to connect to services running in docker containers since recent outage
https://github.com/travis-ci/travis-ci/issues/6465,Cmake could not find clang compiler
https://github.com/travis-ci/travis-ci/issues/227,Should recommend https/secure status images as default
https://github.com/travis-ci/travis-ci/issues/263,"Github caches build status image, is there a work-around?"
https://github.com/travis-ci/travis-ci/issues/520,npm cache problem?
https://github.com/travis-ci/travis-ci/issues/599,"""Try increasing the code cache size using -XX:ReservedCodeCacheSize"""
https://github.com/travis-ci/travis-ci/issues/632,travis-ci won't let me sign-in
https://github.com/travis-ci/travis-ci/issues/678,npm cache looks stuck
https://github.com/travis-ci/travis-ci/issues/757,Cannot login
https://github.com/travis-ci/travis-ci/issues/822,Build status image's being cached in Chrome
https://github.com/travis-ci/travis-ci/issues/834,Cache installed bundle on S3 (ruby projects)
https://github.com/travis-ci/travis-ci/issues/876,Deploy a travis-wide Apt-Cacher instance
https://github.com/travis-ci/travis-ci/issues/973,No feedback to PR after build was triggered
https://github.com/travis-ci/travis-ci/issues/1083,A successful sync does not update the 'last sync'd' date in the UI
https://github.com/travis-ci/travis-ci/issues/1132,Memory/swap configuration differ across workers
https://github.com/travis-ci/travis-ci/issues/1162,Add Canonical Partner Repositories to cache
https://github.com/travis-ci/travis-ci/issues/1248,Deployment: Wrong documentation
https://github.com/travis-ci/travis-ci/issues/1268,PHP 5.3.3 - Composer failure
https://github.com/travis-ci/travis-ci/issues/1401,Why installed gems aren't cached?
https://github.com/travis-ci/travis-ci/issues/1441,Cache downloaded Maven artifacts
https://github.com/travis-ci/travis-ci/issues/1449,Build status image wrong
https://github.com/travis-ci/travis-ci/issues/1510,"Caching solution (Maven,Ruby,Apt,Http)"
https://github.com/travis-ci/travis-ci/issues/1515,Build Caching
https://github.com/travis-ci/travis-ci/issues/1521,Strategy for when the build breaks on installing dependencies
https://github.com/travis-ci/travis-ci/issues/1526,bundler caching fails if also using deploy
https://github.com/travis-ci/travis-ci/issues/1546,Caching not caching if you have a deploy step
https://github.com/travis-ci/travis-ci/issues/1597,Problems with updating status images cache 
https://github.com/travis-ci/travis-ci/issues/1602,Gradle fails with Oracle JDK 8 EA (only on Travis VM environment)
https://github.com/travis-ci/travis-ci/issues/1649,cache: bundle seems to have no effect for jruby
https://github.com/travis-ci/travis-ci/issues/1672,Bundler::GemspecError: Could not read gem at .../cache/... codeclimate-test-reporter
https://github.com/travis-ci/travis-ci/issues/6557,[question] Composed cache?
https://github.com/travis-ci/travis-ci/issues/6587,Build of package with dependencies on Rcpp and BH successful in release and 3.2.4 but fails in devel
https://github.com/travis-ci/travis-ci/issues/6591,travis_wait has no effect
https://github.com/travis-ci/travis-ci/issues/6604,The Nix language page doesn't mention caching
https://github.com/travis-ci/travis-ci/issues/6658,Caches that are used can not found by Interface or CLI (and thus also not purged)
https://github.com/travis-ci/travis-ci/issues/6695,cache: ccache - no PATH=/usr/lib/ccache:... set on trusty
https://github.com/travis-ci/travis-ci/issues/6732,Before cache doesn't seem to be removing directory.
https://github.com/travis-ci/travis-ci/issues/6785,[BUG][RAILS] [RUBY1.9.3p551] I have to run gem update bundler before_install
https://github.com/travis-ci/travis-ci/issues/6799,Font cache timing out
https://github.com/travis-ci/travis-ci/issues/6837,Elapsed time gets reset in the midle of a build
https://github.com/travis-ci/travis-ci/issues/6870,[request] Cache node_modules by default
https://github.com/travis-ci/travis-ci/issues/6875,[trusty/container] Caching not enabled for trusty?
https://github.com/travis-ci/travis-ci/issues/6877,Allow manual download of cache to use in docker
https://github.com/travis-ci/travis-ci/issues/6889,Caching fails with a `File exists` error
https://github.com/travis-ci/travis-ci/issues/6917,All commands exited with 0 but still at started status
https://github.com/travis-ci/travis-ci/issues/6950,Failed to connect archive.apache.org (503) many times
https://github.com/travis-ci/travis-ci/issues/6999,Not printing which cached files changed
https://github.com/travis-ci/travis-ci/issues/7069,Inconsistent behaviour of accessing localhost on Travis (localhost is hijacked)
https://github.com/travis-ci/travis-ci/issues/7112,"Yarn down, all builds fail"
https://github.com/travis-ci/travis-ci/issues/7115,Badge is taken from cache and not refreshed when changed
https://github.com/travis-ci/travis-ci/issues/7136,Cache the entire environment
https://github.com/travis-ci/travis-ci/issues/7154,Wrong PEAR php_dir for PHP 5.4
https://github.com/travis-ci/travis-ci/issues/7173,R package cache
https://github.com/travis-ci/travis-ci/issues/7225,Any way to exit current stage and jump to the next one?
https://github.com/travis-ci/travis-ci/issues/7246,invalidate travis cache when packrat.lock changes
https://github.com/travis-ci/travis-ci/issues/7252,Rscript error in update.packages 
https://github.com/travis-ci/travis-ci/issues/7272,compiling R dependencies from source takes too long
https://github.com/travis-ci/travis-ci/issues/7284,"Git push to remote causes ""remote"" at start of log lines"
https://github.com/travis-ci/travis-ci/issues/7321,Packages not caching despite `cache: packages` being set
https://github.com/travis-ci/travis-ci/issues/7345,Per-matrix cache clearing
https://github.com/travis-ci/travis-ci/issues/7355,"OSX: Nix doesn't set SSL_CERT_FILE correctly, so cache uploading fails"
https://github.com/travis-ci/travis-ci/issues/7392,Setting CACHE_NAME is not sharing cache between jobs
https://github.com/travis-ci/travis-ci/issues/7399,Cache virtualenv and installed packages
https://github.com/travis-ci/travis-ci/issues/7401,503 Service Temporarily Unavailable when installing Mono
https://github.com/travis-ci/travis-ci/issues/7456,Using cache on OS X triggers Homebrew update
https://github.com/travis-ci/travis-ci/issues/7517,Build is failing only on Travis-CI
https://github.com/travis-ci/travis-ci/issues/7519,Switch from TGZ to Brotli for caching
https://github.com/travis-ci/travis-ci/issues/7527,cache: bundler results in 0MB caches
https://github.com/travis-ci/travis-ci/issues/7549,Cryptic error in R-devel
https://github.com/travis-ci/travis-ci/issues/7571,Node builds failing - Cannot install Node version via NVM
https://github.com/travis-ci/travis-ci/issues/7576,"R-travis: error when installing dependencies: ""ERROR: no packages specified"""
https://github.com/travis-ci/travis-ci/issues/7590,Same cache for all builds of a job
https://github.com/travis-ci/travis-ci/issues/7608,Error using s3_website gem
https://github.com/travis-ci/travis-ci/issues/7692,R package build always updating cache due to devtools change
https://github.com/travis-ci/travis-ci/issues/7696,runs cached version of .yml file
https://github.com/travis-ci/travis-ci/issues/7735,deploy failure: sudo / twine not found
https://github.com/travis-ci/travis-ci/issues/7739,Builds started failing and keep failing
https://github.com/travis-ci/travis-ci/issues/7741,Storage to persist earlier matrix items build output to make it accessible for later jobs
https://github.com/travis-ci/travis-ci/issues/7830,rebase + force push rebuild bug?
https://github.com/travis-ci/travis-ci/issues/7841,Passing build artifacts across stages
https://github.com/travis-ci/travis-ci/issues/7845,Any suggested workaround to not for a Yarn install?
https://github.com/travis-ci/travis-ci/issues/7862,sudo and python/pip are incompatible
https://github.com/travis-ci/travis-ci/issues/7898,Casher takes 60 seconds to extract the cache for a project
https://github.com/travis-ci/travis-ci/issues/7902,Cache directory fails to upload after build
https://github.com/travis-ci/travis-ci/issues/7936,Updated package-lock.json is ignored
https://github.com/travis-ci/travis-ci/issues/7975,Delete cache after branch is merged
https://github.com/travis-ci/travis-ci/issues/7986,Tests passing: Build fails
https://github.com/travis-ci/travis-ci/issues/8000,Promote branch cache to master cache
https://github.com/travis-ci/travis-ci/issues/8014,Yarn cache ignored across builds
https://github.com/travis-ci/travis-ci/issues/8034,Build step after `script` but before `deploy`
https://github.com/travis-ci/travis-ci/issues/8064,Don't use a cached directory if a certain file changed
https://github.com/travis-ci/travis-ci/issues/8071,"Travis build failing, not reproducible locally by anyone"
https://github.com/travis-ci/travis-ci/issues/8092,"Different ""directories"" to ""cache"" for different jobs"
https://github.com/travis-ci/travis-ci/issues/8107,R: Build stalls during package dependencies installation
https://github.com/travis-ci/travis-ci/issues/8123,android: command not found
https://github.com/travis-ci/travis-ci/issues/8147,Travis does not execute before_cache and does not upload cache on dist:precise
https://github.com/travis-ci/travis-ci/issues/8197,Caching is not working with nodejs and private github dependencies
https://github.com/travis-ci/travis-ci/issues/8208,[Question] Should caching be done before after_success?
https://github.com/travis-ci/travis-ci/issues/8218,Travis ran on previous commit (again) when new commit was added to pull request
https://github.com/travis-ci/travis-ci/issues/8244,Build Stages .travis-ci.yml fails lint checks
https://github.com/travis-ci/travis-ci/issues/8287,Yarn is hanging while installing packages
https://github.com/travis-ci/travis-ci/issues/8293,Support parallel Build Stages
https://github.com/travis-ci/travis-ci/issues/8369,casher:188 no space left on device
https://github.com/travis-ci/travis-ci/issues/8396,"cache: cargo, only caching installed artifacts"
https://github.com/travis-ci/travis-ci/issues/8409,Segfault on R-devel build; how to bust package cache
https://github.com/travis-ci/travis-ci/issues/8450,Build badge does not update after restarting build
https://github.com/travis-ci/travis-ci/issues/8474,All Stack --nix builds suddenly started failing
https://github.com/travis-ci/travis-ci/issues/8519,Build stage fails to find Directory-cached file from previous step
https://github.com/travis-ci/travis-ci/issues/8527,Concurrent jobs per stage
https://github.com/travis-ci/travis-ci/issues/8556,Unable to parse package file /var/lib/apt/lists/repo.mongodb.org_apt_ubuntu_dists_trusty_mongodb-org_3.2_multiverse_binary-amd64_Packages (1)
https://github.com/travis-ci/travis-ci/issues/8563,Shared Cache
https://github.com/travis-ci/travis-ci/issues/8566,Cache for new git tag not working
https://github.com/travis-ci/travis-ci/issues/8583,"Best practise / common way to get external files, including for PRs?"
https://github.com/travis-ci/travis-ci/issues/8623,Cannot cache Bazel builds
https://github.com/travis-ci/travis-ci/issues/8638,No space left on device during deploy
https://github.com/travis-ci/travis-ci/issues/8657,macOS builds hanging after retrieving cache
https://github.com/travis-ci/travis-ci/issues/8682,Scala sbt project hangs indefinitely during tests.
https://github.com/travis-ci/travis-ci/issues/8684,Feature request: $TRAVIS_LAST_PASSED_COMMIT
https://github.com/travis-ci/travis-ci/issues/8687,Android builds fail due to temporarily unavailable components
https://github.com/travis-ci/travis-ci/issues/8704,How to skip some commands when using cache?
https://github.com/travis-ci/travis-ci/issues/8714,Caching shows `sw_vers: not found` (but the command should succeed)
https://github.com/travis-ci/travis-ci/issues/8719,R Bioconductor package timeouts
https://github.com/travis-ci/travis-ci/issues/8724,Travis build caching failing due to `sw_vers: not found`
https://github.com/travis-ci/travis-ci/issues/8736,iv undefined with encrypted settings in pull request
https://github.com/travis-ci/travis-ci/issues/8753,Does cache: ccache do anything with language: rust?
https://github.com/travis-ci/travis-ci/issues/8766,sh: 1: sw_vers: not found when storing build cache
https://github.com/travis-ci/travis-ci/issues/8787,Git LFS clone uses entire GitHub LFS bandwidth
https://github.com/travis-ci/travis-ci/issues/8792,Homebrew extremely slow on mac environments?
https://github.com/travis-ci/travis-ci/issues/8796,Stale .travis.yml script is used for build after rebase onto master
https://github.com/travis-ci/travis-ci/issues/8806,Restoring the cache of /opt/pyenv/versions fails silently
https://github.com/travis-ci/travis-ci/issues/8813,'./node_modules/.bin' shouldn't be in the PATH
https://github.com/travis-ci/travis-ci/issues/8928,Build failing on osx with node_js environment
https://github.com/travis-ci/travis-ci/issues/8964,R data.table dev tests failing
https://github.com/travis-ci/travis-ci/issues/9009,Extracting and creating cache is very slow
https://github.com/travis-ci/travis-ci/issues/9020,How do I specify cache timeout as well as `cache: ccache`?
https://github.com/travis-ci/travis-ci/issues/9027,macOS 10.10 (xcode6.4) has length Homebrew upgrade (cache enabled)
https://github.com/travis-ci/travis-ci/issues/9042,Caching is too early
https://github.com/travis-ci/travis-ci/issues/9043,Build cache sometimes not shared across stages
https://github.com/travis-ci/travis-ci/issues/9060,Travis-ci can not detect whether the test has finished.
https://github.com/travis-ci/travis-ci/issues/9062,"Cached bundler, rubygems and bundler (1.16.1) fail together"
https://github.com/travis-ci/travis-ci/issues/9076,caching .deb files with wget?
https://github.com/travis-ci/travis-ci/issues/9096,Tox exiting with 1 even though pytest passes (on py35 and py36 but not py34)
https://github.com/travis-ci/travis-ci/issues/9136,Build uses wrong configuration
https://github.com/travis-ci/travis-ci/issues/9146,RVM dependency when using docker
https://github.com/travis-ci/travis-ci/issues/9223,sudo apt-get install -y r-cran-devtools failed and exited
https://github.com/travis-ci/travis-ci/issues/9224,Store build cache when job exceeds build time limit
https://github.com/travis-ci/travis-ci/issues/9246,Add caching of launchpad packages
https://github.com/travis-ci/travis-ci/issues/9312,Github Pages deployment is broken with dpl 1.9.0
https://github.com/travis-ci/travis-ci/issues/9330,"""Errored"" even when all my scripts are exited with 0."
https://github.com/travis-ci/travis-ci/issues/9340,macOS: Corrupted `cgal` archive in homebrew cache
https://github.com/travis-ci/travis-ci/issues/9353,scripts/compile fails in current iteration of docker container
https://github.com/travis-ci/travis-ci/issues/9357,"Builds keep failing on NodeJS 8 during ""npm ls"""
https://github.com/travis-ci/travis-ci/issues/9369,Done. Your build exited with 1
https://github.com/travis-ci/travis-ci/issues/9472,Failure with Cargo caching
https://github.com/travis-ci/travis-ci/issues/9473,Strange yarn cache issue
https://github.com/travis-ci/travis-ci/issues/9582,setuptools downgrades to an incorrect version
https://github.com/travis-ci/travis-ci/issues/9627,How to make sure that the cache is ready from previous builds?
https://github.com/travis-ci/travis-ci/issues/9630,"""Permission denied"" while recovering cached files"
https://github.com/travis-ci/travis-ci/issues/9659,cache
https://github.com/travis-ci/travis-ci/issues/9675,Travis builds started freezing with no log output
https://github.com/travis-ci/travis-ci/issues/9677,travis does not advance to next build stage when fast_finish: true
https://github.com/travis-ci/travis-ci/issues/9694,VPN setup fail
https://github.com/travis-ci/travis-ci/issues/9724,Nix daemon with sandbox enabled
https://github.com/travis-ci/travis-ci/issues/9728,add support for f90cache
https://github.com/travis-ci/travis-ci/issues/9757,Casher should not create directories or partially extract caches on error/timeout
https://github.com/travis-ci/travis-ci/issues/9761,Build that passed earlier today fails after being rerun
https://github.com/travis-ci/travis-ci/issues/9807,`cache: npm` does not seem to work
https://github.com/travis-ci/travis-ci/issues/9811,Feature request: cache eviction strategies
https://github.com/travis-ci/travis-ci/issues/9814,Travis Cache directory does not work for a folder
https://github.com/travis-ci/travis-ci/issues/9847,MacOS build xcode6.4: JVM crash
https://github.com/travis-ci/travis-ci/issues/9862,transient gpg-keyserver problem fails build
https://github.com/travis-ci/travis-ci/issues/9887,Can not setup build cache
https://github.com/travis-ci/travis-ci/issues/9898,Problems with APT in the standard Docker image
https://github.com/travis-ci/travis-ci/issues/9915,Using 3 or more stages in conjunction with the cache can frequently result in spurious failures with confusing error messages
https://github.com/travis-ci/travis-ci/issues/9923,All builds went red since worker v4
https://github.com/travis-ci/travis-ci/issues/9938,Success on local and Travis docker image. But failed in Travis server
https://github.com/travis-ci/travis-ci/issues/9942,"MacOS build seems to have switched to java 10, even when Xcode 9.4 is specified"
https://github.com/travis-ci/travis-ci/issues/9955,Getting strange Segmentation fault error from pytest after a successful build
https://github.com/travis-ci/travis-ci/issues/9961,Directory caching doesn't seem to work on osx
https://github.com/travis-ci/travis-ci/issues/9990,Failing builds due to connection timeout issues
https://github.com/travis-ci/travis-ci/issues/10029,"Only the 1st ""page"" of caches displays in the UI with no paging control or search."
https://github.com/travis-ci/travis-ci/issues/10036,Feature request: exclude some env vars from cache name
https://github.com/travis-ci/travis-ci/issues/10113,Can't build with npm > 6.2.0
https://github.com/travis-ci/travis-ci/issues/10156,"Cache folder fails ""<folder> is not yet cached"""
https://github.com/travis-ci/travis-ci/issues/10158,Travis Test Timeout
https://github.com/travis-ci/travis-ci/issues/10161,output truncation and subsequent build failure
https://github.com/travis-ci/travis-ci/issues/10176,Changing value to `Xcode10` in .travis.yml makes build fail
https://github.com/travis-ci/travis-ci/issues/10286,ideal R package exceeding time limit
https://github.com/travis-ci/travis-ci/issues/10379,Travis CI not syncing previously moved and moved back existing project
https://github.com/travis-ci/travis-ci/issues/10395,Travis cache update fails on windows machines
https://github.com/travis-ci/travis-ci/issues/10432,Deploy to gitHub pages fails
https://github.com/travis-ci/travis-ci/issues/10460,Different cache folders in one build
https://github.com/travis-ci/travis-ci/issues/10483,"Build matrix language runtime version should resolve to a specific version for ""latest"""
